-- phpMyAdmin SQL Dump
-- version 4.5.4.1deb2ubuntu2.1
-- http://www.phpmyadmin.net
--
-- Host: localhost
-- Generation Time: Mar 12, 2019 at 06:07 AM
-- Server version: 5.7.25-0ubuntu0.16.04.2
-- PHP Version: 7.2.15-1+ubuntu16.04.1+deb.sury.org+1

SET SQL_MODE = "NO_AUTO_VALUE_ON_ZERO";
SET time_zone = "+00:00";


/*!40101 SET @OLD_CHARACTER_SET_CLIENT=@@CHARACTER_SET_CLIENT */;
/*!40101 SET @OLD_CHARACTER_SET_RESULTS=@@CHARACTER_SET_RESULTS */;
/*!40101 SET @OLD_COLLATION_CONNECTION=@@COLLATION_CONNECTION */;
/*!40101 SET NAMES utf8mb4 */;

--
-- Database: `hyip`
--

-- --------------------------------------------------------

--
-- Table structure for table `admins`
--

CREATE TABLE `admins` (
  `id` int(10) UNSIGNED NOT NULL,
  `name` varchar(191) COLLATE utf8mb4_unicode_ci NOT NULL,
  `username` varchar(100) COLLATE utf8mb4_unicode_ci NOT NULL,
  `image` varchar(100) COLLATE utf8mb4_unicode_ci NOT NULL,
  `email` varchar(191) COLLATE utf8mb4_unicode_ci NOT NULL,
  `password` varchar(191) COLLATE utf8mb4_unicode_ci NOT NULL,
  `remember_token` varchar(100) COLLATE utf8mb4_unicode_ci DEFAULT NULL,
  `created_at` timestamp NULL DEFAULT NULL,
  `updated_at` timestamp NULL DEFAULT NULL
) ENGINE=InnoDB DEFAULT CHARSET=utf8mb4 COLLATE=utf8mb4_unicode_ci;

--
-- Dumping data for table `admins`
--

INSERT INTO `admins` (`id`, `name`, `username`, `image`, `email`, `password`, `remember_token`, `created_at`, `updated_at`) VALUES
(1, 'kevikum', 'admin', '1498665028.png', 'admin@admin.com', '$2y$10$QDM9CsR53UODmQYWpCGK7eR528uMeFIDSGVBFjEZx/rGlc06R95qq', 'qBwdhRHRN1wxEBI7o350Ssr8csbrgyxF6mySteORizz6VDx9YqBVV24cr6Sd', NULL, '2017-08-17 18:58:09');

-- --------------------------------------------------------

--
-- Table structure for table `basic_settings`
--

CREATE TABLE `basic_settings` (
  `id` int(10) UNSIGNED NOT NULL,
  `title` varchar(100) COLLATE utf8mb4_unicode_ci NOT NULL,
  `color` varchar(100) COLLATE utf8mb4_unicode_ci NOT NULL,
  `phone` varchar(100) COLLATE utf8mb4_unicode_ci NOT NULL,
  `email` varchar(100) COLLATE utf8mb4_unicode_ci NOT NULL,
  `address` varchar(100) COLLATE utf8mb4_unicode_ci NOT NULL,
  `google_map` blob NOT NULL,
  `start_date` datetime NOT NULL,
  `currency` varchar(100) COLLATE utf8mb4_unicode_ci NOT NULL,
  `symbol` varchar(100) COLLATE utf8mb4_unicode_ci NOT NULL,
  `deci` varchar(10) COLLATE utf8mb4_unicode_ci NOT NULL,
  `user_reg` int(2) NOT NULL DEFAULT '1',
  `email_verify` tinyint(1) NOT NULL,
  `phone_verify` tinyint(1) NOT NULL,
  `withdraw_status` tinyint(1) NOT NULL,
  `repeat_status` tinyint(1) NOT NULL,
  `email_notify` tinyint(1) NOT NULL,
  `phone_notify` tinyint(1) NOT NULL,
  `google_recap` tinyint(1) NOT NULL,
  `google_site_key` varchar(191) COLLATE utf8mb4_unicode_ci NOT NULL,
  `google_secret_key` varchar(191) COLLATE utf8mb4_unicode_ci NOT NULL,
  `reference` varchar(100) COLLATE utf8mb4_unicode_ci NOT NULL,
  `reference_bonus` varchar(100) COLLATE utf8mb4_unicode_ci NOT NULL,
  `reference_percent` varchar(100) COLLATE utf8mb4_unicode_ci NOT NULL,
  `from_email` varchar(100) COLLATE utf8mb4_unicode_ci NOT NULL,
  `email_body` longblob NOT NULL,
  `smsapi` blob NOT NULL,
  `breadcrumb` varchar(100) COLLATE utf8mb4_unicode_ci NOT NULL,
  `about` blob NOT NULL,
  `footer_text` text COLLATE utf8mb4_unicode_ci NOT NULL,
  `footer_image` varchar(100) COLLATE utf8mb4_unicode_ci NOT NULL,
  `copy_text` varchar(191) COLLATE utf8mb4_unicode_ci NOT NULL,
  `created_at` timestamp NULL DEFAULT NULL,
  `updated_at` timestamp NULL DEFAULT NULL
) ENGINE=InnoDB DEFAULT CHARSET=utf8mb4 COLLATE=utf8mb4_unicode_ci;

--
-- Dumping data for table `basic_settings`
--

INSERT INTO `basic_settings` (`id`, `title`, `color`, `phone`, `email`, `address`, `google_map`, `start_date`, `currency`, `symbol`, `deci`, `user_reg`, `email_verify`, `phone_verify`, `withdraw_status`, `repeat_status`, `email_notify`, `phone_notify`, `google_recap`, `google_site_key`, `google_secret_key`, `reference`, `reference_bonus`, `reference_percent`, `from_email`, `email_body`, `smsapi`, `breadcrumb`, `about`, `footer_text`, `footer_image`, `copy_text`, `created_at`, `updated_at`) VALUES
(1, 'HYIP 2019', '00137F', '+1234567890', 'cpanelbuzz@gmail.com', 'You Company Address', 0x6d6f73636f77, '2019-03-02 05:00:22', 'USD', '$', '2', 1, 0, 0, 1, 1, 0, 0, 0, '6LfJ0DEUAAAAANcRYNIasJigJ-tPzNlCH7JOymB-', '6LfJ0DEUAAAAAIGCgkQKHILOyfg6LGcbO4YLM15a', 'admin', '10', '5', 'info@gmail.com', 0x3c703e266e6273703b3c2f703e0d0a3c64697620636c6173733d227772617070657222207374796c653d226261636b67726f756e642d636f6c6f723a20236632663266323b223e0d0a3c7461626c65207374796c653d22626f726465722d636f6c6c617073653a20636f6c6c617073653b207461626c652d6c61796f75743a2066697865643b20636f6c6f723a20236238623862383b20666f6e742d66616d696c793a205562756e74752c73616e732d73657269663b2220616c69676e3d2263656e746572223e0d0a3c74626f64793e0d0a3c74723e0d0a3c746420636c6173733d227072656865616465725f5f736e697070657422207374796c653d2270616464696e673a203130707820302035707820303b20766572746963616c2d616c69676e3a20746f703b2077696474683a2032383070783b223e266e6273703b3c2f74643e0d0a3c746420636c6173733d227072656865616465725f5f77656276657273696f6e22207374796c653d22746578742d616c69676e3a2072696768743b2070616464696e673a203130707820302035707820303b20766572746963616c2d616c69676e3a20746f703b2077696474683a2032383070783b223e266e6273703b3c2f74643e0d0a3c2f74723e0d0a3c2f74626f64793e0d0a3c2f7461626c653e0d0a3c7461626c652069643d22656d622d656d61696c2d6865616465722d636f6e7461696e65722220636c6173733d2268656164657222207374796c653d22626f726465722d636f6c6c617073653a20636f6c6c617073653b207461626c652d6c61796f75743a2066697865643b206d617267696e2d6c6566743a206175746f3b206d617267696e2d72696768743a206175746f3b2220616c69676e3d2263656e746572223e0d0a3c74626f64793e0d0a3c74723e0d0a3c7464207374796c653d2270616464696e673a20303b2077696474683a2036303070783b223e0d0a3c64697620636c6173733d226865616465725f5f6c6f676f20656d622d6c6f676f2d6d617267696e2d626f7822207374796c653d22666f6e742d73697a653a20323670783b206c696e652d6865696768743a20333270783b20636f6c6f723a20236333636564393b20666f6e742d66616d696c793a20526f626f746f2c5461686f6d612c73616e732d73657269663b206d617267696e3a203670782032307078203230707820323070783b223e0d0a3c6469762069643d22656d622d656d61696c2d6865616465722220636c6173733d226c6f676f2d6c65667422207374796c653d22666f6e742d73697a653a203070782021696d706f7274616e743b206c696e652d6865696768743a20302021696d706f7274616e743b2220616c69676e3d226c656674223e3c696d67207374796c653d226865696768743a206175746f3b2077696474683a20313030253b20626f726465723a20303b206d61782d77696474683a2033313270783b22207372633d22687474703a2f2f692e696d6775722e636f6d2f6e4e434e505a542e706e672220616c743d22222077696474683d2233313222206865696768743d223434223e3c2f6469763e0d0a3c2f6469763e0d0a3c2f74643e0d0a3c2f74723e0d0a3c2f74626f64793e0d0a3c2f7461626c653e0d0a3c7461626c6520636c6173733d226c61796f7574206c61796f75742d2d6e6f2d67757474657222207374796c653d22626f726465722d636f6c6c617073653a20636f6c6c617073653b207461626c652d6c61796f75743a2066697865643b206d617267696e2d6c6566743a206175746f3b206d617267696e2d72696768743a206175746f3b206f766572666c6f772d777261703a20627265616b2d776f72643b20776f72642d777261703a20627265616b2d776f72643b20776f72642d627265616b3a20627265616b2d776f72643b206261636b67726f756e642d636f6c6f723a20236666666666663b2220616c69676e3d2263656e746572223e0d0a3c74626f64793e0d0a3c74723e0d0a3c746420636c6173733d22636f6c756d6e22207374796c653d2270616464696e673a203070783b20746578742d616c69676e3a206c6566743b20766572746963616c2d616c69676e3a20746f703b20636f6c6f723a207267622839362c203130322c20313039293b206c696e652d6865696768743a20323170783b20666f6e742d66616d696c793a2073616e732d73657269663b2077696474683a2036303070783b223e0d0a3c646976207374796c653d22666f6e742d73697a653a20313470783b206d617267696e2d6c6566743a20323070783b206d617267696e2d72696768743a20323070783b206d617267696e2d746f703a20323470783b223e0d0a3c646976207374796c653d226c696e652d6865696768743a20313070783b20666f6e742d73697a653a203170783b223e266e6273703b3c2f6469763e0d0a3c2f6469763e0d0a3c646976207374796c653d22666f6e742d73697a653a20313470783b206d617267696e2d6c6566743a20323070783b206d617267696e2d72696768743a20323070783b223e0d0a3c68323e4869207b7b6e616d657d7d2c3c2f68323e0d0a3c703e3c7374726f6e673e7b7b6d6573736167657d7d3c2f7374726f6e673e3c2f703e0d0a3c2f6469763e0d0a3c646976207374796c653d22666f6e742d73697a653a20313470783b206d617267696e2d6c6566743a20323070783b206d617267696e2d72696768743a20323070783b223e3c62723e3c2f6469763e0d0a3c646976207374796c653d226d617267696e2d6c6566743a20323070783b206d617267696e2d72696768743a20323070783b206d617267696e2d626f74746f6d3a20323470783b223e0d0a3c7020636c6173733d2273697a652d313422207374796c653d226d617267696e2d746f703a203070783b206d617267696e2d626f74746f6d3a203070783b206c696e652d6865696768743a20323170783b223e3c666f6e742073697a653d2233223e5468616e6b732c3c2f666f6e743e3c62723e203c7374726f6e67207374796c653d22666f6e742d73697a653a20313470783b223e4859495020496e766573746d656e743c2f7374726f6e673e3c2f703e0d0a3c2f6469763e0d0a3c2f74643e0d0a3c2f74723e0d0a3c2f74626f64793e0d0a3c2f7461626c653e3c62723e0d0a3c2f6469763e3c64697620636c6173733d227772617070657222207374796c653d226261636b67726f756e642d636f6c6f723a20236632663266323b223e3c62723e3c2f6469763e3c64697620636c6173733d227772617070657222207374796c653d226261636b67726f756e642d636f6c6f723a20236632663266323b223e3c62723e3c2f6469763e3c64697620636c6173733d227772617070657222207374796c653d226261636b67726f756e642d636f6c6f723a20236632663266323b223e3c62723e3c2f6469763e3c64697620636c6173733d227772617070657222207374796c653d226261636b67726f756e642d636f6c6f723a20236632663266323b223e3c62723e3c2f6469763e3c64697620636c6173733d227772617070657222207374796c653d226261636b67726f756e642d636f6c6f723a20236632663266323b223e3c62723e3c2f6469763e0d0a3c62723e0d0a3c62723e0d0a3c62723e, 0x68747470733a2f2f6170692e696e666f6269702e636f6d2f6170692f76332f73656e64736d732f706c61696e3f757365723d2a2a2a2a2670617373776f72643d2a2a2a2a2a2673656e6465723d452d57616c6c657426534d53546578743d7b7b6d6573736167657d7d2647534d3d7b7b6e756d6265727d7d26747970653d6c6f6e67534d53, '1506121478.jpg', 0x3c646976207374796c653d226d617267696e3a203070782031342e333930367078203070782032382e3739363970783b2070616464696e673a203070783b2077696474683a203433362e37393770783b20666c6f61743a206c6566743b20636f6c6f723a2072676228302c20302c2030293b20666f6e742d66616d696c793a2022206f70656e3d22222073616e73222c3d222220617269616c2c3d22222073616e732d73657269663b223d22223e3c6832207374796c653d226d617267696e2d746f703a203070783b206d617267696e2d72696768743a203070783b206d617267696e2d6c6566743a203070783b2070616464696e673a203070783b206c696e652d6865696768743a20323470783b20666f6e742d66616d696c793a204461757068696e506c61696e3b20666f6e742d73697a653a20323470783b223e57686174206973204c6f72656d20497073756d3f3c2f68323e3c70207374796c653d226d617267696e2d626f74746f6d3a20313570783b2070616464696e673a203070783b20746578742d616c69676e3a206a7573746966793b223e3c7374726f6e67207374796c653d226d617267696e3a203070783b2070616464696e673a203070783b223e4c6f72656d20497073756d3c2f7374726f6e673e266e6273703b69732073696d706c792064756d6d792074657874206f6620746865207072696e74696e6720616e64207479706573657474696e6720696e6475737472792e204c6f72656d20497073756d20686173206265656e2074686520696e6475737472792773207374616e646172642064756d6d79207465787420657665722073696e6365207468652031353030732c207768656e20616e20756e6b6e6f776e207072696e74657220746f6f6b20612067616c6c6579206f66207479706520616e6420736372616d626c656420697420746f206d616b65206120747970652073706563696d656e20626f6f6b2e20497420686173207375727669766564206e6f74206f6e6c7920666976652063656e7475726965732c2062757420616c736f20746865206c65617020696e746f20656c656374726f6e6963207479706573657474696e672c2072656d61696e696e6720657373656e7469616c6c7920756e6368616e6765642e2049742077617320706f70756c61726973656420696e207468652031393630732077697468207468652072656c65617365206f66204c657472617365742073686565747320636f6e7461696e696e67204c6f72656d20497073756d2070617373616765732c20616e64206d6f726520726563656e746c792077697468206465736b746f70207075626c697368696e6720736f667477617265206c696b6520416c64757320506167654d616b657220696e636c7564696e672076657273696f6e73206f66204c6f72656d20497073756d2e3c2f703e3c2f6469763e3c646976207374796c653d226d617267696e3a203070782032382e373936397078203070782031342e3339303670783b2070616464696e673a203070783b2077696474683a203433362e37393770783b20666c6f61743a2072696768743b20636f6c6f723a2072676228302c20302c2030293b20666f6e742d66616d696c793a2022206f70656e3d22222073616e73222c3d222220617269616c2c3d22222073616e732d73657269663b223d22223e3c6832207374796c653d226d617267696e2d746f703a203070783b206d617267696e2d72696768743a203070783b206d617267696e2d6c6566743a203070783b2070616464696e673a203070783b206c696e652d6865696768743a20323470783b20666f6e742d66616d696c793a204461757068696e506c61696e3b20666f6e742d73697a653a20323470783b223e57687920646f207765207573652069743f3c2f68323e3c70207374796c653d226d617267696e2d626f74746f6d3a20313570783b2070616464696e673a203070783b20746578742d616c69676e3a206a7573746966793b223e49742069732061206c6f6e672065737461626c6973686564206661637420746861742061207265616465722077696c6c206265206469737472616374656420627920746865207265616461626c6520636f6e74656e74206f6620612070616765207768656e206c6f6f6b696e6720617420697473206c61796f75742e2054686520706f696e74206f66207573696e67204c6f72656d20497073756d2069732074686174206974206861732061206d6f72652d6f722d6c657373206e6f726d616c20646973747269627574696f6e206f66206c6574746572732c206173206f70706f73656420746f207573696e672027436f6e74656e7420686572652c20636f6e74656e742068657265272c206d616b696e67206974206c6f6f6b206c696b65207265616461626c6520456e676c6973682e204d616e79206465736b746f70207075626c697368696e67207061636b6167657320616e6420776562207061676520656469746f7273206e6f7720757365204c6f72656d20497073756d2061732074686569722064656661756c74206d6f64656c20746578742c20616e6420612073656172636820666f7220276c6f72656d20697073756d272077696c6c20756e636f766572206d616e7920776562207369746573207374696c6c20696e20746865697220696e66616e63792e20566172696f75732076657273696f6e7320686176652065766f6c766564206f766572207468652079656172732c20736f6d6574696d6573206279206163636964656e742c20736f6d6574696d6573206f6e20707572706f73652028696e6a65637465642068756d6f757220616e6420746865206c696b65292e3c2f703e3c2f6469763e3c6272207374796c653d226d617267696e3a203070783b2070616464696e673a203070783b20636c6561723a20626f74683b20636f6c6f723a2072676228302c20302c2030293b20666f6e742d66616d696c793a2022206f70656e3d22222073616e73222c3d222220617269616c2c3d22222073616e732d73657269663b3d222220746578742d616c69676e3a3d22222063656e7465723b223d22223e3c646976207374796c653d226d617267696e3a203070782031342e333930367078203070782032382e3739363970783b2070616464696e673a203070783b2077696474683a203433362e37393770783b20666c6f61743a206c6566743b20636f6c6f723a2072676228302c20302c2030293b20666f6e742d66616d696c793a2022206f70656e3d22222073616e73222c3d222220617269616c2c3d22222073616e732d73657269663b223d22223e3c6832207374796c653d226d617267696e2d746f703a203070783b206d617267696e2d72696768743a203070783b206d617267696e2d6c6566743a203070783b2070616464696e673a203070783b206c696e652d6865696768743a20323470783b20666f6e742d66616d696c793a204461757068696e506c61696e3b20666f6e742d73697a653a20323470783b223e576865726520646f657320697420636f6d652066726f6d3f3c2f68323e3c70207374796c653d226d617267696e2d626f74746f6d3a20313570783b2070616464696e673a203070783b20746578742d616c69676e3a206a7573746966793b223e436f6e747261727920746f20706f70756c61722062656c6965662c204c6f72656d20497073756d206973206e6f742073696d706c792072616e646f6d20746578742e2049742068617320726f6f747320696e2061207069656365206f6620636c6173736963616c204c6174696e206c6974657261747572652066726f6d2034352042432c206d616b696e67206974206f7665722032303030207965617273206f6c642e2052696368617264204d63436c696e746f636b2c2061204c6174696e2070726f666573736f722061742048616d7064656e2d5379646e657920436f6c6c65676520696e2056697267696e69612c206c6f6f6b6564207570206f6e65206f6620746865206d6f7265206f627363757265204c6174696e20776f7264732c20636f6e73656374657475722c2066726f6d2061204c6f72656d20497073756d20706173736167652c20616e6420676f696e67207468726f75676820746865206369746573206f662074686520776f726420696e20636c6173736963616c206c6974657261747572652c20646973636f76657265642074686520756e646f75627461626c6520736f757263652e204c6f72656d20497073756d20636f6d65732066726f6d2073656374696f6e7320312e31302e333220616e6420312e31302e3333206f66202264652046696e6962757320426f6e6f72756d206574204d616c6f72756d2220285468652045787472656d6573206f6620476f6f6420616e64204576696c292062792043696365726f2c207772697474656e20696e2034352042432e205468697320626f6f6b2069732061207472656174697365206f6e20746865207468656f7279206f66206574686963732c207665727920706f70756c617220647572696e67207468652052656e61697373616e63652e20546865206669727374206c696e65206f66204c6f72656d20497073756d2c20224c6f72656d20697073756d20646f6c6f722073697420616d65742e2e222c20636f6d65732066726f6d2061206c696e6520696e2073656374696f6e20312e31302e33322e3c2f703e3c70207374796c653d226d617267696e2d626f74746f6d3a20313570783b2070616464696e673a203070783b20746578742d616c69676e3a206a7573746966793b223e546865207374616e64617264206368756e6b206f66204c6f72656d20497073756d20757365642073696e63652074686520313530307320697320726570726f64756365642062656c6f7720666f722074686f736520696e74657265737465642e2053656374696f6e7320312e31302e333220616e6420312e31302e33332066726f6d202264652046696e6962757320426f6e6f72756d206574204d616c6f72756d222062792043696365726f2061726520616c736f20726570726f647563656420696e207468656972206578616374206f726967696e616c20666f726d2c206163636f6d70616e69656420627920456e676c6973682076657273696f6e732066726f6d207468652031393134207472616e736c6174696f6e20627920482e205261636b68616d2e3c2f703e3c2f6469763e3c646976207374796c653d226d617267696e3a203070782032382e373936397078203070782031342e3339303670783b2070616464696e673a203070783b2077696474683a203433362e37393770783b20666c6f61743a2072696768743b20636f6c6f723a2072676228302c20302c2030293b20666f6e742d66616d696c793a2022206f70656e3d22222073616e73222c3d222220617269616c2c3d22222073616e732d73657269663b223d22223e3c6832207374796c653d226d617267696e2d746f703a203070783b206d617267696e2d72696768743a203070783b206d617267696e2d6c6566743a203070783b2070616464696e673a203070783b206c696e652d6865696768743a20323470783b20666f6e742d66616d696c793a204461757068696e506c61696e3b20666f6e742d73697a653a20323470783b223e57686572652063616e20492067657420736f6d653f3c2f68323e3c70207374796c653d226d617267696e2d626f74746f6d3a20313570783b2070616464696e673a203070783b20746578742d616c69676e3a206a7573746966793b223e546865726520617265206d616e7920766172696174696f6e73206f66207061737361676573206f66204c6f72656d20497073756d20617661696c61626c652c2062757420746865206d616a6f72697479206861766520737566666572656420616c7465726174696f6e20696e20736f6d6520666f726d2c20627920696e6a65637465642068756d6f75722c206f722072616e646f6d6973656420776f72647320776869636820646f6e2774206c6f6f6b206576656e20736c696768746c792062656c69657661626c652e20496620796f752061726520676f696e6720746f2075736520612070617373616765206f66204c6f72656d20497073756d2c20796f75206e65656420746f20626520737572652074686572652069736e277420616e797468696e6720656d62617272617373696e672068696464656e20696e20746865206d6964646c65206f6620746578742e20416c6c20746865204c6f72656d20497073756d2067656e657261746f7273206f6e2074686520496e7465726e65742074656e6420746f2072657065617420707265646566696e6564206368756e6b73206173206e65636573736172792c206d616b696e6720746869732074686520666972737420747275652067656e657261746f72206f6e2074686520496e7465726e65742e204974207573657320612064696374696f6e617279206f66206f76657220323030204c6174696e20776f7264732c20636f6d62696e6564207769746820612068616e6466756c206f66206d6f64656c2073656e74656e636520737472756374757265732c20746f2067656e6572617465204c6f72656d20497073756d207768696368206c6f6f6b7320726561736f6e61626c652e205468652067656e657261746564204c6f72656d20497073756d206973207468657265666f726520616c7761797320667265652066726f6d2072657065746974696f6e2c20696e6a65637465642068756d6f75722c206f72206e6f6e2d636861726163746572697374696320776f726473206574632e3c2f703e3c2f6469763e, 'Lorem Ipsum is simply dummy text of the printing and typesetting industry.', '1503148676.jpg', 'Copyright © Hyip 2019 All Right Reserved.', NULL, '2019-03-13 01:39:57');

-- --------------------------------------------------------

--
-- Table structure for table `compounds`
--

CREATE TABLE `compounds` (
  `id` int(10) UNSIGNED NOT NULL,
  `name` varchar(191) COLLATE utf8mb4_unicode_ci NOT NULL,
  `compound` varchar(191) COLLATE utf8mb4_unicode_ci NOT NULL,
  `created_at` timestamp NULL DEFAULT NULL,
  `updated_at` timestamp NULL DEFAULT NULL
) ENGINE=InnoDB DEFAULT CHARSET=utf8mb4 COLLATE=utf8mb4_unicode_ci;

--
-- Dumping data for table `compounds`
--

INSERT INTO `compounds` (`id`, `name`, `compound`, `created_at`, `updated_at`) VALUES
(1, 'Hourly', '1', '2017-06-12 18:25:25', '2017-06-12 18:25:25'),
(2, 'Daily', '24', '2017-06-12 18:31:33', '2017-06-12 18:33:14'),
(3, 'Weekly', '168', '2017-06-12 18:33:30', '2017-06-12 18:33:30'),
(4, 'Monthly', '720', '2017-06-12 18:35:58', '2017-06-12 18:36:30'),
(6, 'Yearly', '8760', '2017-09-21 17:03:37', '2017-09-21 17:03:37');

-- --------------------------------------------------------

--
-- Table structure for table `deposits`
--

CREATE TABLE `deposits` (
  `id` int(10) UNSIGNED NOT NULL,
  `user_id` int(11) NOT NULL,
  `transaction_id` varchar(255) COLLATE utf8_unicode_ci NOT NULL,
  `amount` varchar(255) COLLATE utf8_unicode_ci NOT NULL,
  `rate` varchar(100) COLLATE utf8_unicode_ci DEFAULT NULL,
  `charge` varchar(100) COLLATE utf8_unicode_ci NOT NULL,
  `net_amount` varchar(100) COLLATE utf8_unicode_ci NOT NULL,
  `payment_type` tinyint(4) NOT NULL,
  `message` blob,
  `status` tinyint(1) DEFAULT '0',
  `created_at` timestamp NULL DEFAULT NULL,
  `updated_at` timestamp NULL DEFAULT NULL
) ENGINE=InnoDB DEFAULT CHARSET=utf8 COLLATE=utf8_unicode_ci;

-- --------------------------------------------------------

--
-- Table structure for table `deposit_images`
--

CREATE TABLE `deposit_images` (
  `id` int(10) UNSIGNED NOT NULL,
  `deposit_id` int(11) NOT NULL,
  `image` varchar(191) COLLATE utf8mb4_unicode_ci NOT NULL,
  `created_at` timestamp NULL DEFAULT NULL,
  `updated_at` timestamp NULL DEFAULT NULL
) ENGINE=InnoDB DEFAULT CHARSET=utf8mb4 COLLATE=utf8mb4_unicode_ci;

-- --------------------------------------------------------

--
-- Table structure for table `faqs`
--

CREATE TABLE `faqs` (
  `id` int(10) UNSIGNED NOT NULL,
  `title` varchar(191) COLLATE utf8mb4_unicode_ci NOT NULL,
  `description` blob NOT NULL,
  `created_at` timestamp NULL DEFAULT NULL,
  `updated_at` timestamp NULL DEFAULT NULL
) ENGINE=InnoDB DEFAULT CHARSET=utf8mb4 COLLATE=utf8mb4_unicode_ci;

--
-- Dumping data for table `faqs`
--

INSERT INTO `faqs` (`id`, `title`, `description`, `created_at`, `updated_at`) VALUES
(1, 'Anim pariatur cliche reprehenderit', 0x416e696d20706172696174757220636c6963686520726570726568656e64657269742c20656e696d20656975736d6f642068696768206c696665206163637573616d75732074657272792072696368617264736f6e2061642073717569642e203320776f6c66206d6f6f6e206f66666963696120617574652c206e6f6e2063757069646174617420736b617465626f61726420646f6c6f72206272756e63682e20466f6f6420747275636b207175696e6f61206e65736369756e74206c61626f72756d20656975736d6f642e204272756e6368203320776f6c66206d6f6f6e2074656d706f722c2073756e7420616c697175612070757420612062697264206f6e2069742073717569642073696e676c652d6f726967696e20636f66666565206e756c6c6120617373756d656e64612073686f726564697463682065742e204e6968696c20616e696d206b656666697965682068656c7665746963612c2063726166742062656572206c61626f72652077657320616e646572736f6e2063726564206e65736369756e742073617069656e74652065612070726f6964656e742e20416420766567616e2065786365707465757220627574636865722076696365206c6f6d6f2e204c656767696e6773206f636361656361742063726166742062656572206661726d2d746f2d7461626c652c207261772064656e696d206165737468657469632073796e7468206e65736369756e7420796f752070726f6261626c7920686176656e2774206865617264206f66207468656d206163637573616d7573206c61626f7265207375737461696e61626c65205648532e, '2017-09-22 17:53:37', '2017-09-22 17:53:37'),
(3, 'Lorem Ipsum is simply dummy text of the printing', 0x57686174206973204c6f72656d20497073756d3f0d0a4c6f72656d20497073756d2069732073696d706c792064756d6d792074657874206f6620746865207072696e74696e6720616e64207479706573657474696e6720696e6475737472792e204c6f72656d20497073756d20686173206265656e2074686520696e6475737472792773207374616e646172642064756d6d79207465787420657665722073696e6365207468652031353030732c207768656e20616e20756e6b6e6f776e207072696e74657220746f6f6b20612067616c6c6579206f66207479706520616e6420736372616d626c656420697420746f206d616b65206120747970652073706563696d656e20626f6f6b2e20497420686173207375727669766564206e6f74206f6e6c7920666976652063656e7475726965732c2062757420616c736f20746865206c65617020696e746f20656c656374726f6e6963207479706573657474696e672c2072656d61696e696e6720657373656e7469616c6c7920756e6368616e6765642e2049742077617320706f70756c61726973656420696e207468652031393630732077697468207468652072656c65617365206f66204c657472617365742073686565747320636f6e7461696e696e67204c6f72656d20497073756d2070617373616765732c20616e64206d6f726520726563656e746c792077697468206465736b746f70207075626c697368696e6720736f667477617265206c696b6520416c64757320506167654d616b657220696e636c7564696e672076657273696f6e73206f66204c6f72656d20497073756d2e, '2017-09-23 08:38:51', '2017-09-23 08:38:51'),
(4, 'Anim pariatur cliche reprehenderit', 0x3c6832207374796c653d226d617267696e2d746f703a203070783b206d617267696e2d72696768743a203070783b206d617267696e2d6c6566743a203070783b2070616464696e673a203070783b206c696e652d6865696768743a20323470783b20666f6e742d66616d696c793a204461757068696e506c61696e3b20666f6e742d73697a653a20323470783b20636f6c6f723a2072676228302c20302c2030293b223e57686174206973204c6f72656d20497073756d3f3c2f68323e3c70207374796c653d226d617267696e2d626f74746f6d3a20313570783b2070616464696e673a203070783b20746578742d616c69676e3a206a7573746966793b20636f6c6f723a2072676228302c20302c2030293b20666f6e742d66616d696c793a202671756f743b4f70656e2053616e732671756f743b2c20417269616c2c2073616e732d73657269663b223e3c7374726f6e67207374796c653d226d617267696e3a203070783b2070616464696e673a203070783b223e4c6f72656d20497073756d3c2f7374726f6e673e266e6273703b69732073696d706c792064756d6d792074657874206f6620746865207072696e74696e6720616e64207479706573657474696e6720696e6475737472792e204c6f72656d20497073756d20686173206265656e2074686520696e6475737472792773207374616e646172642064756d6d79207465787420657665722073696e6365207468652031353030732c207768656e20616e20756e6b6e6f776e207072696e74657220746f6f6b20612067616c6c6579206f66207479706520616e6420736372616d626c656420697420746f206d616b65206120747970652073706563696d656e20626f6f6b2e20497420686173207375727669766564206e6f74206f6e6c7920666976652063656e7475726965732c2062757420616c736f20746865206c65617020696e746f20656c656374726f6e6963207479706573657474696e672c2072656d61696e696e6720657373656e7469616c6c7920756e6368616e6765642e2049742077617320706f70756c61726973656420696e207468652031393630732077697468207468652072656c65617365206f66204c657472617365742073686565747320636f6e7461696e696e67204c6f72656d20497073756d2070617373616765732c20616e64206d6f726520726563656e746c792077697468206465736b746f70207075626c697368696e6720736f667477617265206c696b6520416c64757320506167654d616b657220696e636c7564696e672076657273696f6e73206f66204c6f72656d20497073756d2e3c2f703e, '2017-09-23 08:38:57', '2017-09-23 08:38:57'),
(5, 'Anim pariatur cliche reprehenderit', 0x3c6832207374796c653d226d617267696e2d746f703a203070783b206d617267696e2d72696768743a203070783b206d617267696e2d6c6566743a203070783b2070616464696e673a203070783b206c696e652d6865696768743a20323470783b20666f6e742d66616d696c793a204461757068696e506c61696e3b20666f6e742d73697a653a20323470783b20636f6c6f723a2072676228302c20302c2030293b223e57686174206973204c6f72656d20497073756d3f3c2f68323e3c70207374796c653d226d617267696e2d626f74746f6d3a20313570783b2070616464696e673a203070783b20746578742d616c69676e3a206a7573746966793b20636f6c6f723a2072676228302c20302c2030293b20666f6e742d66616d696c793a202671756f743b4f70656e2053616e732671756f743b2c20417269616c2c2073616e732d73657269663b223e3c7374726f6e67207374796c653d226d617267696e3a203070783b2070616464696e673a203070783b223e4c6f72656d20497073756d3c2f7374726f6e673e266e6273703b69732073696d706c792064756d6d792074657874206f6620746865207072696e74696e6720616e64207479706573657474696e6720696e6475737472792e204c6f72656d20497073756d20686173206265656e2074686520696e6475737472792773207374616e646172642064756d6d79207465787420657665722073696e6365207468652031353030732c207768656e20616e20756e6b6e6f776e207072696e74657220746f6f6b20612067616c6c6579206f66207479706520616e6420736372616d626c656420697420746f206d616b65206120747970652073706563696d656e20626f6f6b2e20497420686173207375727669766564206e6f74206f6e6c7920666976652063656e7475726965732c2062757420616c736f20746865206c65617020696e746f20656c656374726f6e6963207479706573657474696e672c2072656d61696e696e6720657373656e7469616c6c7920756e6368616e6765642e2049742077617320706f70756c61726973656420696e207468652031393630732077697468207468652072656c65617365206f66204c657472617365742073686565747320636f6e7461696e696e67204c6f72656d20497073756d2070617373616765732c20616e64206d6f726520726563656e746c792077697468206465736b746f70207075626c697368696e6720736f667477617265206c696b6520416c64757320506167654d616b657220696e636c7564696e672076657273696f6e73206f66204c6f72656d20497073756d2e3c2f703e, '2017-09-23 08:39:03', '2017-09-23 08:39:03'),
(6, 'Demo Faq', 0x44656d6f20466171, '2019-03-12 18:22:26', '2019-03-12 18:22:26');

-- --------------------------------------------------------

--
-- Table structure for table `investments`
--

CREATE TABLE `investments` (
  `id` int(10) UNSIGNED NOT NULL,
  `trx_id` varchar(191) COLLATE utf8mb4_unicode_ci NOT NULL,
  `user_id` int(11) NOT NULL,
  `plan_id` int(11) NOT NULL,
  `amount` varchar(191) COLLATE utf8mb4_unicode_ci NOT NULL,
  `status` tinyint(1) NOT NULL DEFAULT '0',
  `created_at` timestamp NULL DEFAULT NULL,
  `updated_at` timestamp NULL DEFAULT NULL
) ENGINE=InnoDB DEFAULT CHARSET=utf8mb4 COLLATE=utf8mb4_unicode_ci;

-- --------------------------------------------------------

--
-- Table structure for table `menus`
--

CREATE TABLE `menus` (
  `id` int(10) UNSIGNED NOT NULL,
  `name` varchar(255) COLLATE utf8_unicode_ci NOT NULL,
  `description` blob NOT NULL,
  `created_at` timestamp NULL DEFAULT NULL,
  `updated_at` timestamp NULL DEFAULT NULL
) ENGINE=InnoDB DEFAULT CHARSET=utf8 COLLATE=utf8_unicode_ci;

--
-- Dumping data for table `menus`
--

INSERT INTO `menus` (`id`, `name`, `description`, `created_at`, `updated_at`) VALUES
(2, 'Demo Menu', 0x44656d6f2050616765, '2019-03-12 19:16:56', '2019-03-12 19:16:56');

-- --------------------------------------------------------

--
-- Table structure for table `migrations`
--

CREATE TABLE `migrations` (
  `id` int(10) UNSIGNED NOT NULL,
  `migration` varchar(191) COLLATE utf8mb4_unicode_ci NOT NULL,
  `batch` int(11) NOT NULL
) ENGINE=InnoDB DEFAULT CHARSET=utf8mb4 COLLATE=utf8mb4_unicode_ci;

-- --------------------------------------------------------

--
-- Table structure for table `pages`
--

CREATE TABLE `pages` (
  `id` int(10) UNSIGNED NOT NULL,
  `about_subtitle` text COLLATE utf8mb4_unicode_ci,
  `about_leftText` blob,
  `about_rightText` blob,
  `service_subtitle` text COLLATE utf8mb4_unicode_ci,
  `plan_subtitle` text COLLATE utf8mb4_unicode_ci,
  `investor_subtitle` text COLLATE utf8mb4_unicode_ci,
  `created_at` timestamp NULL DEFAULT NULL,
  `updated_at` timestamp NULL DEFAULT NULL
) ENGINE=InnoDB DEFAULT CHARSET=utf8mb4 COLLATE=utf8mb4_unicode_ci;

--
-- Dumping data for table `pages`
--

INSERT INTO `pages` (`id`, `about_subtitle`, `about_leftText`, `about_rightText`, `service_subtitle`, `plan_subtitle`, `investor_subtitle`, `created_at`, `updated_at`) VALUES
(1, 'Lorem ipsum dolor sit amet, consectetur adipisicing elit, sed do eiusmod tempor incididunt ut labore et dolore magna aliqua. Ut enim ad minim veniam, quis nostrud exercitation ullamco laboris nisi ut aliquip ex ea commodo consequat.', 0x3c70726520636c6173733d2274772d646174612d746578742074772d74612074772d746578742d736d616c6c2220646174612d706c616365686f6c6465723d225472616e736c6174696f6e222069643d2274772d7461726765742d746578742220646174612d66756c6c746578743d2222206469723d226c747222207374796c653d22756e69636f64652d626964693a2069736f6c6174653b206261636b67726f756e642d636f6c6f723a20726762283235352c203235352c20323535293b20626f726465722d77696474683a20696e697469616c3b20626f726465722d7374796c653a206e6f6e653b20626f726465722d636f6c6f723a20696e697469616c3b2070616464696e673a2030707820302e3134656d20307078203070783b20706f736974696f6e3a2072656c61746976653b206d617267696e2d626f74746f6d3a203070783b20726573697a653a206e6f6e653b20666f6e742d66616d696c793a20696e68657269743b206f766572666c6f773a2068696464656e3b2077696474683a2032373570783b2077686974652d73706163653a207072652d777261703b20636f6c6f723a207267622833332c2033332c203333293b206865696768743a2031343470783b20666f6e742d73697a653a20313670782021696d706f7274616e743b206c696e652d6865696768743a20323470782021696d706f7274616e743b223e3c7370616e20746162696e6465783d223022206c616e673d227a682d5457223e4c6f72656de5ad98e69c89e682b2e59d90e998bfe6a285e5beb7efbc8c636f6e73656374657475722061646970697363696e6720454c4954efbc8c736564e79a8474656d706f72e5928ce6b4bbe58a9befbc8ce4bdbfe58b9ee58b95e5928ce682b2e582b7efbc8ce4b880e4ba9be9878de8a681e79a84e4ba8be68385e8a681e5819a656975736d6f64e38082e5a49ae5b9b4e4be86efbc8ce68891e69c83e4be86e79a84efbc8ce8aab0e5b087e69c836e6f737472756420616c6971756970e4ba86e5a5b9e98d9be78589e79a84e584aae58ba2efbc8ce4bdbfe588bae6bf80e68eaae696bdefbc8ce5a682e69e9ce5adb8e58d80e5928ce995b7e5a3bde380823c2f7370616e3e3c2f7072653e, 0x3c70726520636c6173733d2274772d646174612d746578742074772d74612074772d746578742d736d616c6c2220646174612d706c616365686f6c6465723d225472616e736c6174696f6e222069643d2274772d7461726765742d746578742220646174612d66756c6c746578743d2222206469723d226c747222207374796c653d22756e69636f64652d626964693a2069736f6c6174653b206261636b67726f756e642d636f6c6f723a20726762283235352c203235352c20323535293b20626f726465722d77696474683a20696e697469616c3b20626f726465722d7374796c653a206e6f6e653b20626f726465722d636f6c6f723a20696e697469616c3b2070616464696e673a2030707820302e3134656d20307078203070783b20706f736974696f6e3a2072656c61746976653b206d617267696e2d626f74746f6d3a203070783b20726573697a653a206e6f6e653b20666f6e742d66616d696c793a20696e68657269743b206f766572666c6f773a2068696464656e3b2077696474683a2032373570783b2077686974652d73706163653a207072652d777261703b20636f6c6f723a207267622833332c2033332c203333293b206865696768743a2031343470783b20666f6e742d73697a653a20313670782021696d706f7274616e743b206c696e652d6865696768743a20323470782021696d706f7274616e743b223e3c7370616e20746162696e6465783d223022206c616e673d227a682d5457223e4c6f72656de5ad98e69c89e682b2e59d90e998bfe6a285e5beb7efbc8c636f6e73656374657475722061646970697363696e6720454c4954efbc8c736564e79a8474656d706f72e5928ce6b4bbe58a9befbc8ce4bdbfe58b9ee58b95e5928ce682b2e582b7efbc8ce4b880e4ba9be9878de8a681e79a84e4ba8be68385e8a681e5819a656975736d6f64e38082e5a49ae5b9b4e4be86efbc8ce68891e69c83e4be86e79a84efbc8ce8aab0e5b087e69c836e6f737472756420616c6971756970e4ba86e5a5b9e98d9be78589e79a84e584aae58ba2efbc8ce4bdbfe588bae6bf80e68eaae696bdefbc8ce5a682e69e9ce5adb8e58d80e5928ce995b7e5a3bde380823c2f7370616e3e3c2f7072653e, 'Lorem ipsum dolor sit amet, consectetur adipisicing elit, sed do eiusmod tempor incididunt ut labore et dolore magna aliqua. Ut enim ad minim veniam, quis nostrud exercitation ullamco laboris nisi ut aliquip ex ea commodo consequat.', 'Lorem ipsum dolor sit amet, consectetur adipisicing elit, sed do eiusmod tempor incididunt ut labore et dolore magna aliqua. Ut enim ad minim veniam, quis nostrud exercitation ullamco laboris nisi ut aliquip ex ea commodo consequat.', 'Lorem ipsum dolor sit amet, consectetur adipisicing elit, sed do eiusmod tempor incididunt ut labore et dolore magna aliqua. Ut enim ad minim veniam, quis nostrud exercitation ullamco laboris nisi ut aliquip ex ea commodo consequat.', NULL, '2019-03-12 13:41:04');

-- --------------------------------------------------------

--
-- Table structure for table `password_resets`
--

CREATE TABLE `password_resets` (
  `email` varchar(191) COLLATE utf8mb4_unicode_ci NOT NULL,
  `token` varchar(191) COLLATE utf8mb4_unicode_ci NOT NULL,
  `created_at` timestamp NULL DEFAULT NULL
) ENGINE=InnoDB DEFAULT CHARSET=utf8mb4 COLLATE=utf8mb4_unicode_ci;

--
-- Dumping data for table `password_resets`
--

INSERT INTO `password_resets` (`email`, `token`, `created_at`) VALUES
('kevikum@hotmail.com', '$2y$10$AUfVtLEogONBhqf.ACCECuOR/0R5DynbbTYZe9pnR.1bhcCqsDBOW', NULL);

-- --------------------------------------------------------

--
-- Table structure for table `payment_logs`
--

CREATE TABLE `payment_logs` (
  `id` int(10) UNSIGNED NOT NULL,
  `member_id` varchar(255) COLLATE utf8_unicode_ci NOT NULL,
  `custom` varchar(255) COLLATE utf8_unicode_ci NOT NULL,
  `payment_type` int(11) NOT NULL,
  `amount` varchar(255) COLLATE utf8_unicode_ci NOT NULL,
  `charge` varchar(100) COLLATE utf8_unicode_ci NOT NULL,
  `net_amount` varchar(100) COLLATE utf8_unicode_ci NOT NULL,
  `usd` varchar(100) COLLATE utf8_unicode_ci DEFAULT NULL,
  `btc_amo` varchar(100) COLLATE utf8_unicode_ci DEFAULT NULL,
  `btc_acc` varchar(255) COLLATE utf8_unicode_ci DEFAULT NULL,
  `status` int(11) NOT NULL DEFAULT '0',
  `try` int(11) NOT NULL DEFAULT '0',
  `created_at` timestamp NULL DEFAULT NULL,
  `updated_at` timestamp NULL DEFAULT NULL
) ENGINE=InnoDB DEFAULT CHARSET=utf8 COLLATE=utf8_unicode_ci;

--
-- Dumping data for table `payment_logs`
--

INSERT INTO `payment_logs` (`id`, `member_id`, `custom`, `payment_type`, `amount`, `charge`, `net_amount`, `usd`, `btc_amo`, `btc_acc`, `status`, `try`, `created_at`, `updated_at`) VALUES
(1, '2', 'DJJIYHCR7JJ0OD366HB8', 501, '100', '0.5', '100.5', '100.5', '0', '', 0, 0, '2019-03-04 08:49:20', '2019-03-04 08:49:20'),
(2, '2', 'XENSWLVRMUO7VEWEQCD6', 502, '100', '3', '103', '103', '0', '', 0, 0, '2019-03-12 20:09:26', '2019-03-12 20:09:26'),
(3, '2', 'K0AED5LBMPYFY4AKENLH', 502, '100', '3', '103', '103', '0', '', 0, 0, '2019-03-12 20:19:17', '2019-03-12 20:19:17'),
(4, '2', 'DSQP8EOEFOHO4E4L1HQW', 501, '100', '0.5', '100.5', '100.5', '0', '', 0, 0, '2019-03-12 20:22:31', '2019-03-12 20:22:31'),
(5, '2', 'LCPNEGOBT1UCIAUHFXXU', 509, '100', '3', '103', '103', '52551.27853395', 'DCh7Ln7xrxv42h4mnggoGWCfp44AQGSExi', 0, 0, '2019-03-12 20:23:19', '2019-03-12 20:23:27'),
(6, '2', 'J48V9JA9HEHMN4FTAVUD', 510, '100', '3', '103', '103', '1.92146205', 'MFAFTJHmGJ43KjZk3k9wXmckGTt6PRNubY', 0, 0, '2019-03-12 20:40:17', '2019-03-12 20:40:27'),
(7, '2', '6CDCEOQHE0JMUOR3DCHY', 501, '100', '0.5', '100.5', '100.5', '0', '', 0, 0, '2019-03-12 20:42:32', '2019-03-12 20:42:32'),
(8, '2', 'OHJWURUHW00BUCRLXYWF', 804, '100', '3.5', '103.5', '1.29', NULL, NULL, 0, 0, '2019-03-12 20:43:26', '2019-03-12 20:43:26');

-- --------------------------------------------------------

--
-- Table structure for table `payment_methods`
--

CREATE TABLE `payment_methods` (
  `id` int(10) UNSIGNED NOT NULL,
  `main_name` varchar(100) COLLATE utf8_unicode_ci DEFAULT '0',
  `name` varchar(255) COLLATE utf8_unicode_ci NOT NULL,
  `image` varchar(255) COLLATE utf8_unicode_ci NOT NULL,
  `minamo` varchar(100) COLLATE utf8_unicode_ci NOT NULL DEFAULT '0',
  `maxamo` varchar(190) COLLATE utf8_unicode_ci NOT NULL DEFAULT '0',
  `rate` varchar(30) COLLATE utf8_unicode_ci DEFAULT NULL,
  `fix` varchar(100) COLLATE utf8_unicode_ci NOT NULL,
  `percent` varchar(100) COLLATE utf8_unicode_ci NOT NULL,
  `val1` text COLLATE utf8_unicode_ci NOT NULL,
  `val2` varchar(255) COLLATE utf8_unicode_ci DEFAULT NULL,
  `currency` varchar(255) COLLATE utf8_unicode_ci NOT NULL DEFAULT 'Method Currency',
  `status` tinyint(4) NOT NULL,
  `created_at` timestamp NULL DEFAULT NULL,
  `updated_at` timestamp NULL DEFAULT NULL
) ENGINE=InnoDB DEFAULT CHARSET=utf8 COLLATE=utf8_unicode_ci;

--
-- Dumping data for table `payment_methods`
--

INSERT INTO `payment_methods` (`id`, `main_name`, `name`, `image`, `minamo`, `maxamo`, `rate`, `fix`, `percent`, `val1`, `val2`, `currency`, `status`, `created_at`, `updated_at`) VALUES
(101, 'PayPal', 'PayPal', '5b56d85b48870.jpg', '10', '1000', '1', '2', '1.5', 'rexrifat636@gmail.com', NULL, 'Method Currency', 1, NULL, '2019-03-03 12:47:23'),
(102, 'Perfect Money', 'Perfect Money', '5b56d8632d344.jpg', '10', '1000', '1', '3', '2.75', 'U5220203', 'reg4e54h1grt1j', 'Method Currency', 1, NULL, '2018-07-24 07:42:27'),
(103, 'Stripe', 'CARD', '5b56d86af3351.jpg', '5', '10000', '1', '3', '2.20', 'sk_test_aat3tzBCCXXBkS4sxY3M8A1B', 'pk_test_AU3G7doZ1sbdpJLj0NaozPBu', 'Method Currency', 1, NULL, '2019-03-03 12:47:36'),
(104, 'Skrill', 'Skrill', '5b56d872061fa.jpg', '10', '1000', '1', '2', '1.75', 'support@globeskill.com', 'jabali2006', 'Method Currency', 1, '2017-12-12 18:00:00', '2018-07-24 07:42:42'),
(501, 'Blockchain.info', 'Bitcoin Blockchain', '5b586be70157d.jpg', '0', '1000', '1', '0', '0.5', '8df2e5a0-3798-4b74-871d-973615b57e7b', 'xpub6CXLqfWXj1xgbYB8Pmg12ET6CGKPKfAJSXaizSWRLzUz9xf9wFJuXR2M4XQ1ThdcgyFN4Ej8zj6BjDoXEf2AikNGiYkSCG8vkCx4ZeFrZah', 'Method Currency', 1, NULL, '2018-07-25 12:24:07'),
(502, 'block.io - BTC', 'BitCoin', '5b56da3a49537.jpg', '50', '1000', '1', '2', '1', '1658-8015-2e5e-9afb', '09876softk', 'Method Currency', 1, '2018-07-18 18:00:00', '2019-03-03 12:47:58'),
(503, 'block.io - LTC', 'LiteCoin', '5b56da5becdb3.jpg', '50', '1000', '1', '2', '1', 'cb91-a5bc-69d7-1c27', '09876softk', 'Method Currency', 1, '2018-07-18 18:00:00', '2019-03-03 12:48:19'),
(504, 'block.io - DOGE', 'DogeCoin', '5b586bf2e1f44.jpg', '50', '1000', '1', '2', '1', '2daf-d165-2135-5951', '09876softk', 'Method Currency', 1, '2018-07-18 18:00:00', '2019-03-03 12:48:34'),
(505, 'CoinPayment - BTC', 'BitCoin', '5b56da6c1b871.jpg', '50', '1000', '1', '2', '1', '596f0097ed9d1ab8cfed05eb59c70e9f066513dfe4df64a8fc3917d309328315', '7472928395208f70E3cE30B9e10dc882cBDD3e9967b7942AaE492106d9C7bE44', 'Method Currency', 1, '2018-07-18 18:00:00', '2019-03-03 12:48:48'),
(506, 'CoinPayment - ETH', 'Etherium', '5b56da74ba141.jpg', '50', '1000', '1', '2', '1', '596f0097ed9d1ab8cfed05eb59c70e9f066513dfe4df64a8fc3917d309328315', '7472928395208f70E3cE30B9e10dc882cBDD3e9967b7942AaE492106d9C7bE44', 'Method Currency', 1, '2018-07-18 18:00:00', '2019-03-03 12:48:59'),
(507, 'CoinPayment - BCH', 'Bitcoin Cash', '5b56da82e20e8.jpg', '50', '1000', '1', '2', '1', '596f0097ed9d1ab8cfed05eb59c70e9f066513dfe4df64a8fc3917d309328315', '7472928395208f70E3cE30B9e10dc882cBDD3e9967b7942AaE492106d9C7bE44', 'Method Currency', 1, '2018-07-18 18:00:00', '2019-03-03 12:49:12'),
(508, 'CoinPayment - DASH', 'DASH', '5b56da8c66107.jpg', '50', '1000', '1', '2', '1', '596f0097ed9d1ab8cfed05eb59c70e9f066513dfe4df64a8fc3917d309328315', '7472928395208f70E3cE30B9e10dc882cBDD3e9967b7942AaE492106d9C7bE44', 'Method Currency', 1, '2018-07-18 18:00:00', '2019-03-03 12:49:28'),
(509, 'CoinPayment - DOGE', 'DOGE', '5b586bff55633.jpg', '50', '1000', '1', '2', '1', '596f0097ed9d1ab8cfed05eb59c70e9f066513dfe4df64a8fc3917d309328315', '7472928395208f70E3cE30B9e10dc882cBDD3e9967b7942AaE492106d9C7bE44', 'Method Currency', 1, '2018-07-18 18:00:00', '2019-03-03 12:49:39'),
(510, 'CoinPayment - LTC', 'LITECOIN', '5b56e46867a1c.jpg', '50', '1000', '1', '2', '1', '596f0097ed9d1ab8cfed05eb59c70e9f066513dfe4df64a8fc3917d309328315', '7472928395208f70E3cE30B9e10dc882cBDD3e9967b7942AaE492106d9C7bE44', 'Method Currency', 1, '2018-07-18 18:00:00', '2019-03-03 12:49:50'),
(512, 'CoinGate', 'CoinGate', '5b56e4704e2f7.jpg', '50', '1000', '1', '2', '1', 'Ba1VgPx6d437xLXGKCBkmwVCEw5kHzRJ6thbGo-N', NULL, 'Method Currency', 1, '2018-07-18 18:00:00', '2019-03-03 12:50:02'),
(513, 'CoinPayments-ALL', 'Bitcoin CoinPayment', '5b586c0a729c6.jpg', '10', '1000', '1', '2', '1', 'db1d9f12444e65c921604e289a281c56', NULL, 'Method Currency', 1, NULL, '2018-07-25 12:24:42'),
(801, '0', 'City Bank', '5b56e49992c02.png', '0', '0', '80', '2', '1.5', 'ifsoufiosufg iougiousaioug asguiouasoguoisaugoiug', NULL, 'BDT', 1, '2018-07-19 13:51:03', '2018-07-24 08:34:26'),
(802, '0', 'Perfect Bank', '5b56e49992c02.png', '0', '0', '80', '2', '2.75', 'fsjlsjfjslkajfklasjf sajflksajflkjsadkljflksajdf sdaklfjlksajdflk', NULL, 'BDT', 1, '2018-07-19 13:54:13', '2018-07-24 08:34:33'),
(803, '0', 'Coin Bank', '1532511774h7.png', '0', '0', '77', '2', '1.5', 'jjjjjjjjjjkg hsagd fg fagdssfadfhasd j', NULL, 'BDT', 1, '2018-07-25 09:42:54', '2018-07-25 12:26:11'),
(804, '0', 'Brack Bank', '1532521961h7.png', '0', '0', '80', '2', '1.5', 'kjasdf asjdfhkjsadhfaskdjfhkjasdh fkjsadhfjkhsadkjfhkjsdafhkjlsafhlkjsah', NULL, 'BDT', 1, '2018-07-25 12:32:41', '2018-07-25 12:32:41');

-- --------------------------------------------------------

--
-- Table structure for table `plans`
--

CREATE TABLE `plans` (
  `id` int(10) UNSIGNED NOT NULL,
  `name` varchar(191) COLLATE utf8mb4_unicode_ci NOT NULL,
  `image` varchar(100) COLLATE utf8mb4_unicode_ci NOT NULL,
  `minimum` varchar(191) COLLATE utf8mb4_unicode_ci NOT NULL,
  `maximum` varchar(191) COLLATE utf8mb4_unicode_ci NOT NULL,
  `percent` varchar(191) COLLATE utf8mb4_unicode_ci NOT NULL,
  `time` int(11) NOT NULL,
  `compound_id` int(5) NOT NULL,
  `status` tinyint(4) NOT NULL,
  `created_at` timestamp NULL DEFAULT NULL,
  `updated_at` timestamp NULL DEFAULT NULL
) ENGINE=InnoDB DEFAULT CHARSET=utf8mb4 COLLATE=utf8mb4_unicode_ci;

--
-- Dumping data for table `plans`
--

INSERT INTO `plans` (`id`, `name`, `image`, `minimum`, `maximum`, `percent`, `time`, `compound_id`, `status`, `created_at`, `updated_at`) VALUES
(1, 'Starter', '1551567607.png', '500', '75000', '150', 1, 2, 1, '2017-06-13 22:25:33', '2019-03-12 12:46:39'),
(2, 'Silver', '1508829595.png', '750004', '100000', '200', 1, 3, 0, '2017-06-13 22:37:42', '2019-03-12 12:28:56'),
(3, 'Gold', '1506089898.png', '100000', '1250000', '3', 100, 1, 0, '2017-06-13 22:41:00', '2019-03-12 12:29:32'),
(4, 'Platinum', '1506089875.png', '1250000', '1500000', '70', 10, 4, 1, '2017-06-13 22:41:54', '2019-03-12 12:52:53'),
(5, 'test plan', '1508837851.png', '20', '200', '10', 10, 3, 0, '2017-10-24 09:37:31', '2019-03-12 12:47:55'),
(7, 'SDFGF34', '1508846773.png', '5220', '120', '20', 20, 1, 0, '2017-10-24 12:06:13', '2019-03-12 12:47:39'),
(8, 'SDFGFG', '1508846773.png', '5220', '120', '20', 20, 1, 1, '2017-10-24 12:06:13', '2017-10-24 12:06:13'),
(9, 'Demo', '1508846773.png', '5220', '120', '20', 20, 1, 0, '2017-10-24 12:06:13', '2019-03-12 12:36:07');

-- --------------------------------------------------------

--
-- Table structure for table `repeats`
--

CREATE TABLE `repeats` (
  `id` int(10) UNSIGNED NOT NULL,
  `user_id` int(11) NOT NULL,
  `investment_id` varchar(191) COLLATE utf8mb4_unicode_ci NOT NULL,
  `repeat_time` datetime NOT NULL,
  `made_time` datetime DEFAULT NULL,
  `total_repeat` int(11) NOT NULL,
  `status` tinyint(1) NOT NULL DEFAULT '0',
  `created_at` timestamp NULL DEFAULT NULL,
  `updated_at` timestamp NULL DEFAULT NULL
) ENGINE=InnoDB DEFAULT CHARSET=utf8mb4 COLLATE=utf8mb4_unicode_ci;

-- --------------------------------------------------------

--
-- Table structure for table `repeat_logs`
--

CREATE TABLE `repeat_logs` (
  `id` int(10) UNSIGNED NOT NULL,
  `user_id` int(11) NOT NULL,
  `trx_id` varchar(191) COLLATE utf8mb4_unicode_ci NOT NULL,
  `investment_id` int(11) NOT NULL,
  `amount` varchar(191) COLLATE utf8mb4_unicode_ci NOT NULL,
  `made_time` datetime NOT NULL,
  `created_at` timestamp NULL DEFAULT NULL,
  `updated_at` timestamp NULL DEFAULT NULL
) ENGINE=InnoDB DEFAULT CHARSET=utf8mb4 COLLATE=utf8mb4_unicode_ci;

-- --------------------------------------------------------

--
-- Table structure for table `services`
--

CREATE TABLE `services` (
  `id` int(10) UNSIGNED NOT NULL,
  `title` varchar(191) COLLATE utf8mb4_unicode_ci NOT NULL,
  `code` varchar(191) COLLATE utf8mb4_unicode_ci NOT NULL,
  `created_at` timestamp NULL DEFAULT NULL,
  `updated_at` timestamp NULL DEFAULT NULL
) ENGINE=InnoDB DEFAULT CHARSET=utf8mb4 COLLATE=utf8mb4_unicode_ci;

--
-- Dumping data for table `services`
--

INSERT INTO `services` (`id`, `title`, `code`, `created_at`, `updated_at`) VALUES
(1, 'Supper Fast Repeat', '<i class="fa fa-rocket" aria-hidden="true"></i>', '2017-09-27 23:35:45', '2017-09-27 23:35:45'),
(2, 'EASY SETUP', '<i class="fa fa-wrench" aria-hidden="true"></i>', '2017-09-27 23:35:59', '2017-11-05 06:44:10'),
(3, 'INVESTMENT', '<i class="far fa-money-bill-alt"></i>', '2017-09-27 23:36:08', '2019-03-12 11:17:52'),
(4, 'WITHDRAW', '<i class="far fa-money-bill-alt"></i>', '2017-09-27 23:36:15', '2019-03-12 11:17:58'),
(5, 'FULLY DYNAMIC', '<i class="fa fa-th" aria-hidden="true"></i>', '2017-09-27 23:36:23', '2017-11-05 06:45:49'),
(6, 'ADMIN DASHBOARD', '<i class="fa fa-th" aria-hidden="true"></i>', '2017-09-27 23:36:30', '2017-11-05 06:46:52');

-- --------------------------------------------------------

--
-- Table structure for table `sliders`
--

CREATE TABLE `sliders` (
  `id` int(10) UNSIGNED NOT NULL,
  `image` varchar(191) COLLATE utf8mb4_unicode_ci NOT NULL,
  `title` varchar(191) COLLATE utf8mb4_unicode_ci NOT NULL,
  `subtitle` varchar(191) COLLATE utf8mb4_unicode_ci NOT NULL,
  `created_at` timestamp NULL DEFAULT NULL,
  `updated_at` timestamp NULL DEFAULT NULL
) ENGINE=InnoDB DEFAULT CHARSET=utf8mb4 COLLATE=utf8mb4_unicode_ci;

--
-- Dumping data for table `sliders`
--

INSERT INTO `sliders` (`id`, `image`, `title`, `subtitle`, `created_at`, `updated_at`) VALUES
(5, '59feb5cb7b44c.jpg', '新的一個', 'Lorem存有胡蘿蔔，增強回扣和給活力長occaecat', '2017-10-17 06:04:53', '2019-03-12 13:39:25'),
(6, '59feb5d5691ef.jpg', 'HYIP投資2019', 'Lorem存有胡蘿蔔，增強回扣和給活力長occaecat', '2017-10-17 06:06:15', '2019-03-12 13:40:13');

-- --------------------------------------------------------

--
-- Table structure for table `socials`
--

CREATE TABLE `socials` (
  `id` int(10) UNSIGNED NOT NULL,
  `name` varchar(191) COLLATE utf8mb4_unicode_ci NOT NULL,
  `code` varchar(191) COLLATE utf8mb4_unicode_ci NOT NULL,
  `link` varchar(191) COLLATE utf8mb4_unicode_ci NOT NULL,
  `created_at` timestamp NULL DEFAULT NULL,
  `updated_at` timestamp NULL DEFAULT NULL
) ENGINE=InnoDB DEFAULT CHARSET=utf8mb4 COLLATE=utf8mb4_unicode_ci;

--
-- Dumping data for table `socials`
--

INSERT INTO `socials` (`id`, `name`, `code`, `link`, `created_at`, `updated_at`) VALUES
(3, 'Facebook', '<i class="fab fa-facebook"></i>', 'https://www.facebook.com', '2017-08-19 12:25:30', '2019-03-09 04:37:31'),
(6, 'linkedin', '<i class="fab fa-twitter-square"></i>', 'https://www.linkedin.com', '2017-08-19 12:30:23', '2019-03-12 09:48:46'),
(7, 'google plus', '<i class="fab fa-google-plus-square"></i>', 'http://www.googleplus.com', '2017-08-19 12:32:35', '2019-03-12 09:50:30'),
(8, 'instragram', '<i class="fab fa-instagram"></i>', 'https://www.instragram.com', '2017-08-19 13:28:44', '2019-03-12 09:51:11'),
(9, 'Youtube', '<i class="fab fa-youtube"></i>', 'https://www.youtube.com/cpanelbuzz', '2019-03-04 08:46:51', '2019-03-12 09:51:31');

-- --------------------------------------------------------

--
-- Table structure for table `supports`
--

CREATE TABLE `supports` (
  `id` int(10) UNSIGNED NOT NULL,
  `user_id` int(11) NOT NULL,
  `subject` varchar(191) COLLATE utf8mb4_unicode_ci NOT NULL,
  `ticket_number` varchar(191) COLLATE utf8mb4_unicode_ci NOT NULL,
  `status` tinyint(4) NOT NULL,
  `created_at` timestamp NULL DEFAULT NULL,
  `updated_at` timestamp NULL DEFAULT NULL
) ENGINE=InnoDB DEFAULT CHARSET=utf8mb4 COLLATE=utf8mb4_unicode_ci;

--
-- Dumping data for table `supports`
--

INSERT INTO `supports` (`id`, `user_id`, `subject`, `ticket_number`, `status`, `created_at`, `updated_at`) VALUES
(1, 4, 'getting some issue', 'JFPTSF0OCSEO', 2, '2017-10-22 08:36:26', '2017-10-22 08:36:53'),
(2, 4, 'sadf', '09ZWDIJH5ASF', 1, '2017-10-22 08:39:01', '2017-10-22 08:39:01'),
(3, 4, 'ASDF', 'IHQYV6TRYDJ2', 3, '2017-10-22 08:48:31', '2017-10-22 09:36:01'),
(4, 4, 'sadfasdf', 'GI1AASKVI8NQ', 9, '2017-10-22 09:36:16', '2017-10-22 09:46:12');

-- --------------------------------------------------------

--
-- Table structure for table `support_messages`
--

CREATE TABLE `support_messages` (
  `id` int(10) UNSIGNED NOT NULL,
  `support_id` int(11) NOT NULL,
  `ticket_number` varchar(191) COLLATE utf8mb4_unicode_ci NOT NULL,
  `message` text COLLATE utf8mb4_unicode_ci NOT NULL,
  `type` int(1) NOT NULL,
  `created_at` timestamp NULL DEFAULT NULL,
  `updated_at` timestamp NULL DEFAULT NULL
) ENGINE=InnoDB DEFAULT CHARSET=utf8mb4 COLLATE=utf8mb4_unicode_ci;

-- --------------------------------------------------------

--
-- Table structure for table `testimonials`
--

CREATE TABLE `testimonials` (
  `id` int(10) UNSIGNED NOT NULL,
  `name` varchar(191) COLLATE utf8mb4_unicode_ci NOT NULL,
  `image` varchar(191) COLLATE utf8mb4_unicode_ci NOT NULL,
  `position` varchar(100) COLLATE utf8mb4_unicode_ci NOT NULL,
  `message` blob NOT NULL,
  `created_at` timestamp NULL DEFAULT NULL,
  `updated_at` timestamp NULL DEFAULT NULL
) ENGINE=InnoDB DEFAULT CHARSET=utf8mb4 COLLATE=utf8mb4_unicode_ci;

--
-- Dumping data for table `testimonials`
--

INSERT INTO `testimonials` (`id`, `name`, `image`, `position`, `message`, `created_at`, `updated_at`) VALUES
(2, 'Hasan Rahman', '1506617979.jpg', 'CEO, Night Guard', 0x4c6f72656d20497073756d2069732073696d706c792064756d6d792074657874206f6620746865207072696e74696e6720616e64207479706573657474696e6720696e6475737472792e204c6f72656d20497073756d20686173206265656e2074686520696e6475737472792773207374616e646172642064756d6d79207465787420657665722073696e6365207468652031353030732c207768656e20616e20756e6b6e6f776e207072696e74657220746f6f6b2e, '2017-09-28 16:59:39', '2017-09-28 16:59:39'),
(3, 'Usman Khaja', '1552340940.jpg', 'Night Guard', 0x4c6f72656d20497073756d2069732073696d706c792064756d6d792074657874206f6620746865207072696e74696e6720616e64207479706573657474696e6720696e6475737472792e204c6f72656d20497073756d20686173206265656e2074686520696e6475737472792773207374616e646172642064756d6d79207465787420657665722073696e6365207468652031353030732c207768656e20616e20756e6b6e6f776e207072696e74657220746f6f6b2e3c62723e, '2017-09-28 17:00:05', '2019-03-12 10:49:00'),
(4, 'Usman Khaja', '1552340899.jpg', 'Night Guard', 0x4c6f72656d20497073756d2069732073696d706c792064756d6d792074657874206f6620746865207072696e74696e6720616e64207479706573657474696e6720696e6475737472792e204c6f72656d20497073756d20686173206265656e2074686520696e6475737472792773207374616e646172642064756d6d79207465787420657665722073696e6365207468652031353030732c207768656e20616e20756e6b6e6f776e207072696e74657220746f6f6b2e3c62723e, '2017-09-28 17:00:29', '2019-03-12 10:48:20');

-- --------------------------------------------------------

--
-- Table structure for table `users`
--

CREATE TABLE `users` (
  `id` int(10) UNSIGNED NOT NULL,
  `name` varchar(191) COLLATE utf8mb4_unicode_ci NOT NULL,
  `username` varchar(100) COLLATE utf8mb4_unicode_ci NOT NULL,
  `email` varchar(191) COLLATE utf8mb4_unicode_ci NOT NULL,
  `phone` varchar(100) COLLATE utf8mb4_unicode_ci NOT NULL,
  `image` varchar(100) COLLATE utf8mb4_unicode_ci NOT NULL DEFAULT 'user-default.png',
  `password` varchar(191) COLLATE utf8mb4_unicode_ci NOT NULL,
  `reference` varchar(100) COLLATE utf8mb4_unicode_ci NOT NULL,
  `under_reference` int(11) NOT NULL,
  `email_verify` tinyint(1) NOT NULL,
  `email_code` varchar(100) COLLATE utf8mb4_unicode_ci NOT NULL,
  `email_time` datetime NOT NULL,
  `phone_verify` tinyint(1) NOT NULL,
  `phone_code` varchar(100) COLLATE utf8mb4_unicode_ci NOT NULL,
  `phone_time` datetime NOT NULL,
  `balance` varchar(100) COLLATE utf8mb4_unicode_ci NOT NULL DEFAULT '0',
  `status` tinyint(1) NOT NULL DEFAULT '0',
  `login_time` datetime DEFAULT NULL,
  `remember_token` varchar(100) COLLATE utf8mb4_unicode_ci DEFAULT NULL,
  `created_at` timestamp NULL DEFAULT NULL,
  `updated_at` timestamp NULL DEFAULT NULL
) ENGINE=InnoDB DEFAULT CHARSET=utf8mb4 COLLATE=utf8mb4_unicode_ci;

--
-- Dumping data for table `users`
--

INSERT INTO `users` (`id`, `name`, `username`, `email`, `phone`, `image`, `password`, `reference`, `under_reference`, `email_verify`, `email_code`, `email_time`, `phone_verify`, `phone_code`, `phone_time`, `balance`, `status`, `login_time`, `remember_token`, `created_at`, `updated_at`) VALUES
(1, 'Jahangir Pial', 'jpial', 'pial@pial.com', '9028390442233', 'user-default.png', '$2y$10$S.yLDSC2D1iadTXhS7TYjueWgC.avf4oDZs67tUfIO.m1blmKxISa', 'jpial', 0, 1, 'OWMYYP', '2018-07-25 18:39:00', 1, 'ZZRN92', '2018-07-25 18:39:00', '500', 0, NULL, 'iv4iTnj7RGX0RS6rv3oFxsnIS0kfjRPKR3sBm6ULykDzSk59b9BqeTeiEYZI', '2018-07-25 12:34:00', '2018-07-25 12:39:31'),
(2, 'kevikum', 'kevikum', 'kevikum@hotmail.com', '1234567890', 'user-default.png', '$2y$10$jGQ9z44h.j4mADSjfRPnBOkZ1piLWBdNe1eB1qfV1RA1fBg1mniwe', 'kevikum', 0, 1, '5CUUPH', '2019-03-04 00:53:38', 1, '9MKB2W', '2019-03-04 00:53:38', '0', 0, '2019-03-12 18:46:44', 'UJCW3CSZpipsFIs8nv5gsvtGkqYE9zX9GvNQKU2c1Q5LKIbvD1RaxoRN0Y2C', '2019-03-04 08:48:38', '2019-03-13 01:46:44'),
(3, 'Rajan Yadav', 'kevikum1', 'kevikum1@hotmail.com', '3478120761', 'user-default.png', '$2y$10$MRnomEPO0UDYHnQ34Iw86u5znc7Ae78GSGArH06MW0yYvKupRLI5.', 'kevikum1', 0, 1, 'DNU68C', '2019-03-12 15:17:06', 1, 'CIPLWF', '2019-03-12 15:17:06', '0', 0, '2019-03-12 18:30:43', 'RmFecPstEzJdVGPgV4qfYBRyvFY21f9j96CcREGMUM9hDKd7TBfg3rjJyzmd', '2019-03-12 22:12:07', '2019-03-13 01:30:43'),
(4, 'Pareeep Kumar', 'kevikum2', 'cpanelbuzz1@gmail.com', '5103978771', 'user-default.png', '$2y$10$85kPJ2G56GGmgkiJiUUf7urms29uckffjLAD0kUe6tmXXgPAmMUAG', 'kevikum2', 0, 1, '79MZPH', '2019-03-12 15:37:23', 1, 'CXI6RN', '2019-03-12 15:37:23', '0', 0, NULL, '7LTbH5u622viNimJDl1z7LgcHXtjVUT8iWjls9zCuKB8vSaWxiWdAGY6pU9k', '2019-03-12 22:32:24', '2019-03-12 22:32:24');

-- --------------------------------------------------------

--
-- Table structure for table `user_logins`
--

CREATE TABLE `user_logins` (
  `id` int(10) UNSIGNED NOT NULL,
  `user_id` int(11) NOT NULL,
  `user_ip` varchar(191) COLLATE utf8mb4_unicode_ci NOT NULL,
  `location` varchar(191) COLLATE utf8mb4_unicode_ci NOT NULL,
  `details` varchar(191) COLLATE utf8mb4_unicode_ci NOT NULL,
  `created_at` timestamp NULL DEFAULT NULL,
  `updated_at` timestamp NULL DEFAULT NULL
) ENGINE=InnoDB DEFAULT CHARSET=utf8mb4 COLLATE=utf8mb4_unicode_ci;

--
-- Dumping data for table `user_logins`
--

INSERT INTO `user_logins` (`id`, `user_id`, `user_ip`, `location`, `details`, `created_at`, `updated_at`) VALUES
(1, 2, '192.168.145.1', ' -  -  -  ', 'Chrome on Windows 8.1', '2019-03-04 09:15:32', '2019-03-04 09:15:32'),
(2, 2, '192.168.145.1', ' -  -  -  ', 'Chrome on Windows 8.1', '2019-03-12 18:50:18', '2019-03-12 18:50:18'),
(3, 2, '192.168.145.1', ' -  -  -  ', 'Chrome on Windows 8.1', '2019-03-12 19:40:02', '2019-03-12 19:40:02'),
(4, 2, '192.168.145.1', ' -  -  -  ', 'Chrome on Windows 8.1', '2019-03-12 21:51:36', '2019-03-12 21:51:36'),
(5, 2, '192.168.145.1', ' -  -  -  ', 'Chrome on Windows 8.1', '2019-03-12 21:53:16', '2019-03-12 21:53:16'),
(6, 2, '192.168.145.1', ' -  -  -  ', 'Chrome on Windows 8.1', '2019-03-12 21:53:58', '2019-03-12 21:53:58'),
(7, 2, '192.168.145.1', ' -  -  -  ', 'Chrome on Windows 8.1', '2019-03-12 21:56:25', '2019-03-12 21:56:25'),
(8, 2, '192.168.145.1', ' -  -  -  ', 'Chrome on Windows 8.1', '2019-03-12 22:04:07', '2019-03-12 22:04:07'),
(9, 3, '192.168.145.1', ' -  -  -  ', 'Chrome on Windows 8.1', '2019-03-12 22:22:02', '2019-03-12 22:22:02'),
(10, 3, '192.168.145.1', ' -  -  -  ', 'Chrome on Windows 8.1', '2019-03-12 23:40:27', '2019-03-12 23:40:27'),
(11, 3, '192.168.145.1', ' -  -  -  ', 'Chrome on Windows 8.1', '2019-03-13 00:05:02', '2019-03-13 00:05:02'),
(12, 3, '192.168.145.1', ' -  -  -  ', 'Chrome on Windows 8.1', '2019-03-13 01:03:07', '2019-03-13 01:03:07'),
(13, 3, '192.168.145.1', ' -  -  -  ', 'Chrome on Windows 8.1', '2019-03-13 01:30:43', '2019-03-13 01:30:43'),
(14, 2, '192.168.145.1', ' -  -  -  ', 'Chrome on Windows 8.1', '2019-03-13 01:46:44', '2019-03-13 01:46:44');

-- --------------------------------------------------------

--
-- Table structure for table `user_logs`
--

CREATE TABLE `user_logs` (
  `id` int(10) UNSIGNED NOT NULL,
  `user_id` int(11) NOT NULL,
  `transaction_id` varchar(255) COLLATE utf8mb4_unicode_ci NOT NULL,
  `amount` varchar(191) COLLATE utf8mb4_unicode_ci NOT NULL,
  `amount_type` tinyint(4) NOT NULL,
  `charge` varchar(191) COLLATE utf8mb4_unicode_ci DEFAULT NULL,
  `post_bal` varchar(100) COLLATE utf8mb4_unicode_ci NOT NULL DEFAULT '0',
  `description` text COLLATE utf8mb4_unicode_ci NOT NULL,
  `created_at` timestamp NULL DEFAULT NULL,
  `updated_at` timestamp NULL DEFAULT NULL
) ENGINE=InnoDB DEFAULT CHARSET=utf8mb4 COLLATE=utf8mb4_unicode_ci;

--
-- Dumping data for table `user_logs`
--

INSERT INTO `user_logs` (`id`, `user_id`, `transaction_id`, `amount`, `amount_type`, `charge`, `post_bal`, `description`, `created_at`, `updated_at`) VALUES
(1, 1, 'V4131LSFDDOJUCTNCOJF', '500', 1, '14', '500', 'Deposit 500 BDT byCARD', '2018-07-25 12:39:31', '2018-07-25 12:39:31');

-- --------------------------------------------------------

--
-- Table structure for table `withdraw_logs`
--

CREATE TABLE `withdraw_logs` (
  `id` int(10) UNSIGNED NOT NULL,
  `user_id` int(11) NOT NULL,
  `method_id` int(11) NOT NULL,
  `transaction_id` varchar(191) COLLATE utf8mb4_unicode_ci NOT NULL,
  `amount` varchar(191) COLLATE utf8mb4_unicode_ci NOT NULL,
  `charge` varchar(191) COLLATE utf8mb4_unicode_ci NOT NULL,
  `net_amount` varchar(191) COLLATE utf8mb4_unicode_ci NOT NULL,
  `send_details` text COLLATE utf8mb4_unicode_ci,
  `message` text COLLATE utf8mb4_unicode_ci,
  `status` tinyint(1) NOT NULL DEFAULT '0',
  `created_at` timestamp NULL DEFAULT NULL,
  `updated_at` timestamp NULL DEFAULT NULL
) ENGINE=InnoDB DEFAULT CHARSET=utf8mb4 COLLATE=utf8mb4_unicode_ci;

-- --------------------------------------------------------

--
-- Table structure for table `withdraw_methods`
--

CREATE TABLE `withdraw_methods` (
  `id` int(10) UNSIGNED NOT NULL,
  `name` varchar(191) COLLATE utf8mb4_unicode_ci NOT NULL,
  `image` varchar(191) COLLATE utf8mb4_unicode_ci NOT NULL,
  `withdraw_min` varchar(100) COLLATE utf8mb4_unicode_ci NOT NULL,
  `withdraw_max` varchar(100) COLLATE utf8mb4_unicode_ci NOT NULL,
  `fix` varchar(191) COLLATE utf8mb4_unicode_ci NOT NULL,
  `percent` varchar(191) COLLATE utf8mb4_unicode_ci NOT NULL,
  `duration` varchar(191) COLLATE utf8mb4_unicode_ci NOT NULL,
  `status` tinyint(1) NOT NULL,
  `created_at` timestamp NULL DEFAULT NULL,
  `updated_at` timestamp NULL DEFAULT NULL
) ENGINE=InnoDB DEFAULT CHARSET=utf8mb4 COLLATE=utf8mb4_unicode_ci;

--
-- Dumping data for table `withdraw_methods`
--

INSERT INTO `withdraw_methods` (`id`, `name`, `image`, `withdraw_min`, `withdraw_max`, `fix`, `percent`, `duration`, `status`, `created_at`, `updated_at`) VALUES
(1, 'bKash', '1506108954h8.png', '500', '25000', '25', '2.25', '2', 1, '2017-07-28 15:09:41', '2017-09-22 13:36:13'),
(2, 'Sure Cash', '1508828617h8.png', '100', '2000', '25', '2.30', '3', 1, '2017-07-28 15:10:00', '2017-10-24 07:03:37'),
(3, 'Bank Canada', '1506112905h8.png', '50', '20000', '0', '0', '1', 1, '2017-08-09 21:06:21', '2019-03-04 08:38:19'),
(5, 'Bank Usa', '1508846467h8.png', '10000', '10000', '10', '1', '15', 1, '2017-10-24 12:01:07', '2019-03-04 08:37:40');

--
-- Indexes for dumped tables
--

--
-- Indexes for table `admins`
--
ALTER TABLE `admins`
  ADD PRIMARY KEY (`id`),
  ADD UNIQUE KEY `admins_email_unique` (`email`);

--
-- Indexes for table `basic_settings`
--
ALTER TABLE `basic_settings`
  ADD PRIMARY KEY (`id`);

--
-- Indexes for table `compounds`
--
ALTER TABLE `compounds`
  ADD PRIMARY KEY (`id`);

--
-- Indexes for table `deposits`
--
ALTER TABLE `deposits`
  ADD PRIMARY KEY (`id`);

--
-- Indexes for table `deposit_images`
--
ALTER TABLE `deposit_images`
  ADD PRIMARY KEY (`id`);

--
-- Indexes for table `faqs`
--
ALTER TABLE `faqs`
  ADD PRIMARY KEY (`id`);

--
-- Indexes for table `investments`
--
ALTER TABLE `investments`
  ADD PRIMARY KEY (`id`);

--
-- Indexes for table `menus`
--
ALTER TABLE `menus`
  ADD PRIMARY KEY (`id`);

--
-- Indexes for table `migrations`
--
ALTER TABLE `migrations`
  ADD PRIMARY KEY (`id`);

--
-- Indexes for table `pages`
--
ALTER TABLE `pages`
  ADD PRIMARY KEY (`id`);

--
-- Indexes for table `password_resets`
--
ALTER TABLE `password_resets`
  ADD KEY `password_resets_email_index` (`email`);

--
-- Indexes for table `payment_logs`
--
ALTER TABLE `payment_logs`
  ADD PRIMARY KEY (`id`);

--
-- Indexes for table `payment_methods`
--
ALTER TABLE `payment_methods`
  ADD PRIMARY KEY (`id`);

--
-- Indexes for table `plans`
--
ALTER TABLE `plans`
  ADD PRIMARY KEY (`id`);

--
-- Indexes for table `repeats`
--
ALTER TABLE `repeats`
  ADD PRIMARY KEY (`id`);

--
-- Indexes for table `repeat_logs`
--
ALTER TABLE `repeat_logs`
  ADD PRIMARY KEY (`id`);

--
-- Indexes for table `services`
--
ALTER TABLE `services`
  ADD PRIMARY KEY (`id`);

--
-- Indexes for table `sliders`
--
ALTER TABLE `sliders`
  ADD PRIMARY KEY (`id`);

--
-- Indexes for table `socials`
--
ALTER TABLE `socials`
  ADD PRIMARY KEY (`id`);

--
-- Indexes for table `supports`
--
ALTER TABLE `supports`
  ADD PRIMARY KEY (`id`);

--
-- Indexes for table `support_messages`
--
ALTER TABLE `support_messages`
  ADD PRIMARY KEY (`id`);

--
-- Indexes for table `testimonials`
--
ALTER TABLE `testimonials`
  ADD PRIMARY KEY (`id`);

--
-- Indexes for table `users`
--
ALTER TABLE `users`
  ADD PRIMARY KEY (`id`),
  ADD UNIQUE KEY `users_email_unique` (`email`);

--
-- Indexes for table `user_logins`
--
ALTER TABLE `user_logins`
  ADD PRIMARY KEY (`id`);

--
-- Indexes for table `user_logs`
--
ALTER TABLE `user_logs`
  ADD PRIMARY KEY (`id`);

--
-- Indexes for table `withdraw_logs`
--
ALTER TABLE `withdraw_logs`
  ADD PRIMARY KEY (`id`);

--
-- Indexes for table `withdraw_methods`
--
ALTER TABLE `withdraw_methods`
  ADD PRIMARY KEY (`id`);

--
-- AUTO_INCREMENT for dumped tables
--

--
-- AUTO_INCREMENT for table `admins`
--
ALTER TABLE `admins`
  MODIFY `id` int(10) UNSIGNED NOT NULL AUTO_INCREMENT, AUTO_INCREMENT=2;
--
-- AUTO_INCREMENT for table `basic_settings`
--
ALTER TABLE `basic_settings`
  MODIFY `id` int(10) UNSIGNED NOT NULL AUTO_INCREMENT, AUTO_INCREMENT=2;
--
-- AUTO_INCREMENT for table `compounds`
--
ALTER TABLE `compounds`
  MODIFY `id` int(10) UNSIGNED NOT NULL AUTO_INCREMENT, AUTO_INCREMENT=7;
--
-- AUTO_INCREMENT for table `deposits`
--
ALTER TABLE `deposits`
  MODIFY `id` int(10) UNSIGNED NOT NULL AUTO_INCREMENT;
--
-- AUTO_INCREMENT for table `deposit_images`
--
ALTER TABLE `deposit_images`
  MODIFY `id` int(10) UNSIGNED NOT NULL AUTO_INCREMENT;
--
-- AUTO_INCREMENT for table `faqs`
--
ALTER TABLE `faqs`
  MODIFY `id` int(10) UNSIGNED NOT NULL AUTO_INCREMENT, AUTO_INCREMENT=7;
--
-- AUTO_INCREMENT for table `investments`
--
ALTER TABLE `investments`
  MODIFY `id` int(10) UNSIGNED NOT NULL AUTO_INCREMENT;
--
-- AUTO_INCREMENT for table `menus`
--
ALTER TABLE `menus`
  MODIFY `id` int(10) UNSIGNED NOT NULL AUTO_INCREMENT, AUTO_INCREMENT=3;
--
-- AUTO_INCREMENT for table `migrations`
--
ALTER TABLE `migrations`
  MODIFY `id` int(10) UNSIGNED NOT NULL AUTO_INCREMENT;
--
-- AUTO_INCREMENT for table `pages`
--
ALTER TABLE `pages`
  MODIFY `id` int(10) UNSIGNED NOT NULL AUTO_INCREMENT, AUTO_INCREMENT=2;
--
-- AUTO_INCREMENT for table `payment_logs`
--
ALTER TABLE `payment_logs`
  MODIFY `id` int(10) UNSIGNED NOT NULL AUTO_INCREMENT, AUTO_INCREMENT=9;
--
-- AUTO_INCREMENT for table `plans`
--
ALTER TABLE `plans`
  MODIFY `id` int(10) UNSIGNED NOT NULL AUTO_INCREMENT, AUTO_INCREMENT=10;
--
-- AUTO_INCREMENT for table `repeats`
--
ALTER TABLE `repeats`
  MODIFY `id` int(10) UNSIGNED NOT NULL AUTO_INCREMENT;
--
-- AUTO_INCREMENT for table `repeat_logs`
--
ALTER TABLE `repeat_logs`
  MODIFY `id` int(10) UNSIGNED NOT NULL AUTO_INCREMENT;
--
-- AUTO_INCREMENT for table `services`
--
ALTER TABLE `services`
  MODIFY `id` int(10) UNSIGNED NOT NULL AUTO_INCREMENT, AUTO_INCREMENT=7;
--
-- AUTO_INCREMENT for table `sliders`
--
ALTER TABLE `sliders`
  MODIFY `id` int(10) UNSIGNED NOT NULL AUTO_INCREMENT, AUTO_INCREMENT=7;
--
-- AUTO_INCREMENT for table `socials`
--
ALTER TABLE `socials`
  MODIFY `id` int(10) UNSIGNED NOT NULL AUTO_INCREMENT, AUTO_INCREMENT=10;
--
-- AUTO_INCREMENT for table `supports`
--
ALTER TABLE `supports`
  MODIFY `id` int(10) UNSIGNED NOT NULL AUTO_INCREMENT, AUTO_INCREMENT=5;
--
-- AUTO_INCREMENT for table `support_messages`
--
ALTER TABLE `support_messages`
  MODIFY `id` int(10) UNSIGNED NOT NULL AUTO_INCREMENT;
--
-- AUTO_INCREMENT for table `testimonials`
--
ALTER TABLE `testimonials`
  MODIFY `id` int(10) UNSIGNED NOT NULL AUTO_INCREMENT, AUTO_INCREMENT=5;
--
-- AUTO_INCREMENT for table `users`
--
ALTER TABLE `users`
  MODIFY `id` int(10) UNSIGNED NOT NULL AUTO_INCREMENT, AUTO_INCREMENT=5;
--
-- AUTO_INCREMENT for table `user_logins`
--
ALTER TABLE `user_logins`
  MODIFY `id` int(10) UNSIGNED NOT NULL AUTO_INCREMENT, AUTO_INCREMENT=15;
--
-- AUTO_INCREMENT for table `user_logs`
--
ALTER TABLE `user_logs`
  MODIFY `id` int(10) UNSIGNED NOT NULL AUTO_INCREMENT, AUTO_INCREMENT=2;
--
-- AUTO_INCREMENT for table `withdraw_logs`
--
ALTER TABLE `withdraw_logs`
  MODIFY `id` int(10) UNSIGNED NOT NULL AUTO_INCREMENT;
--
-- AUTO_INCREMENT for table `withdraw_methods`
--
ALTER TABLE `withdraw_methods`
  MODIFY `id` int(10) UNSIGNED NOT NULL AUTO_INCREMENT, AUTO_INCREMENT=6;
/*!40101 SET CHARACTER_SET_CLIENT=@OLD_CHARACTER_SET_CLIENT */;
/*!40101 SET CHARACTER_SET_RESULTS=@OLD_CHARACTER_SET_RESULTS */;
/*!40101 SET COLLATION_CONNECTION=@OLD_COLLATION_CONNECTION */;
